CREATE DATABASE GestionDePedidos
GO

USE GestionDePedidos
GO

DROP TABLE IF EXISTS
[CLIENTES],
[PEDIDOS],
[PRODUCTOSPEDIDOS],
[PRODUCTOS],
[PRODUCTOSNro2];
GO

DROP PROCEDURE IF EXISTS 
[TablaCLIENTES],
[TablaPEDIDOS],
[TablaProductosPedidos],
[TablaPRODUCTOSNro2],
[TablaPRODUCTOS],
[AlterPEDIDOS],
[AlterPRODUCTOSPEDIDOSnUno],
[AlterPRODUCTOSPEDIDOSnDos],
[DataCLIENTES],
[DataPEDIDOS],
[DataPRODUCTOS],
[DataProductosPedidos],
[DataPRODUCTOSNro2];
GO

CREATE PROCEDURE TablaCLIENTES
AS
BEGIN
CREATE TABLE CLIENTES(
CodCliente INT PRIMARY KEY NOT NULL,
Empresa VARCHAR(80) NOT NULL,
Direccion VARCHAR(80) NOT NULL,
Poblacion VARCHAR(80) NOT NULL,
Telefono VARCHAR(80) NOT NULL,
Responsable VARCHAR(80) NOT NULL,
Historial VARCHAR(80) NOT NULL,
)
END
GO
EXECUTE DBO.TablaCLIENTES
GO

CREATE PROCEDURE TablaPEDIDOS
AS
BEGIN
CREATE TABLE PEDIDOS(
NumeroDePedido INT PRIMARY KEY NOT NULL,
FKPED_CodCLIENTE INT NOT NULL,
FechaDePedido DATE NOT NULL,
FormaDePago VARCHAR(50) NOT NULL,
Descuento VARCHAR(50) NOT NULL,
Enviado VARCHAR(50) NOT NULL,
)
END
GO
EXECUTE DBO.TablaPEDIDOS
GO

CREATE PROCEDURE TablaProductosPedidos
AS
BEGIN
CREATE TABLE PRODUCTOSPEDIDOS(
FKPP_NumeroDePEDIDO INT NOT NULL,
FKPP_CodARTICULO INT NOT NULL,
Unidades INT NOT NULL,
)
END
GO
EXECUTE DBO.TablaProductosPedidos
GO

CREATE PROCEDURE TablaPRODUCTOS
AS
BEGIN
CREATE TABLE PRODUCTOS(
CodArticulo INT PRIMARY KEY NOT NULL,
Seccion VARCHAR(50) NOT NULL,
NombreArticulo VARCHAR(50) NOT NULL,
Precio FLOAT NOT NULL,
Fecha DATE NOT NULL,
Importado VARCHAR(50) NOT NULL,
PaisDeOrigen VARCHAR(50) NOT NULL,
Foto IMAGE NOT NULL,
)
END
GO
EXECUTE DBO.TablaPRODUCTOS
GO

CREATE PROCEDURE TablaPRODUCTOSNro2
AS
BEGIN
CREATE TABLE PRODUCTOSNro2(
CodArticulo INT PRIMARY KEY NOT NULL,
Seccion VARCHAR(50) NOT NULL,
NombreArticulo VARCHAR(50) NOT NULL,
Precio FLOAT NOT NULL,
Fecha DATE NOT NULL,
Importado VARCHAR(50) NOT NULL,
PaisDeOrigen VARCHAR(50) NOT NULL,
Foto IMAGE NOT NULL,
)
END
GO
EXECUTE DBO.TablaPRODUCTOSNro2
GO

CREATE PROCEDURE AlterPEDIDOS
AS
BEGIN
ALTER TABLE PEDIDOS
ADD FOREIGN KEY (FKPED_CodCLIENTE) REFERENCES CLIENTES(CodCliente)
END
GO
EXECUTE DBO.AlterPEDIDOS
GO

CREATE PROCEDURE AlterPRODUCTOSPEDIDOSnUno
AS
BEGIN
ALTER TABLE PRODUCTOSPEDIDOS
ADD FOREIGN KEY (FKPP_NumeroDePEDIDO) REFERENCES PEDIDOS (NumeroDePedido)
END
GO
EXECUTE DBO.AlterPRODUCTOSPEDIDOSnUno
GO

CREATE PROCEDURE AlterPRODUCTOSPEDIDOSnDos
AS
BEGIN
ALTER TABLE PRODUCTOSPEDIDOS
ADD FOREIGN KEY (FKPP_CodARTICULO) REFERENCES PRODUCTOS(CodArticulo)
END
GO
EXECUTE DBO.AlterPRODUCTOSPEDIDOSnDos
GO

CREATE PROCEDURE DataCLIENTES
AS
BEGIN
INSERT INTO CLIENTES (CodCliente,Empresa,Direccion,Poblacion,Telefono,Responsable,Historial)
VALUES
('1','BELTRAN E HIJOS','LAS FUENTES 78','MADRID','(914) 45- 64- 35','ANGEL MARTINEZ','N/A');
INSERT INTO CLIENTES (CodCliente,Empresa,Direccion,Poblacion,Telefono,Responsable,Historial)
VALUES
('2','LA MODERNA','LA PALOMA 123','OVIEDO','(985) 32- 34- 34','JUAN GARCIA','N/A');
INSERT INTO CLIENTES (CodCliente,Empresa,Direccion,Poblacion,Telefono,Responsable,Historial)
VALUES
('3','EL ESPANOLITO','MOTORES 34','BARCELONA','(934) 56- 53- 43','ANA FERNANDEZ','N/A');
INSERT INTO CLIENTES (CodCliente,Empresa,Direccion,Poblacion,Telefono,Responsable,Historial)
VALUES
('4','EXPORTASA','VALLECAS 34','MADRID','(913) 45- 23- 78','ELVIRA GOMEZ','N/A');
INSERT INTO CLIENTES (CodCliente,Empresa,Direccion,Poblacion,Telefono,Responsable,Historial)
VALUES
('6','CONFECCIONES AMPARO','LOS MOROS 23','GIJON','(985) 75- 43- 32','LUIS ALVAREZ','N/A');
INSERT INTO CLIENTES (CodCliente,Empresa,Direccion,Poblacion,Telefono,Responsable,Historial)
VALUES
('7','LA CASA DEL JUGUETE','AMERICA 45','MADRID','(912) 64- 99- 87','ELIAS PEREZ','N/A');
INSERT INTO CLIENTES (CodCliente,Empresa,Direccion,Poblacion,Telefono,Responsable,Historial)
VALUES
('8','JUGUETERIA SUAREZ','PARIS 123','BARCELONA','(933) 45- 78- 66','JUAN GARCIA','N/A');
INSERT INTO CLIENTES (CodCliente,Empresa,Direccion,Poblacion,Telefono,Responsable,Historial)
VALUES
('9','ALMACEN POPULAR','LAS FUENTES 124','BILBAO','(942) 34- 71- 27','JOSE ALVAREZ','N/A');
INSERT INTO CLIENTES (CodCliente,Empresa,Direccion,Poblacion,Telefono,Responsable,Historial)
VALUES
('10','FERETERIA EL CLAVO','PASEO DE ALAMOS 78','MADRID','(914) 35- 48- 66','MANUEL MENENDEZ','N/A');
INSERT INTO CLIENTES (CodCliente,Empresa,Direccion,Poblacion,Telefono,Responsable,Historial)
VALUES
('11','JUGUETES MARTINEZ','VIA LAYETANA 245','BARCELONA','(936) 62- 85- 54','FRANCISCO CUEVAS','N/A');
INSERT INTO CLIENTES (CodCliente,Empresa,Direccion,Poblacion,Telefono,Responsable,Historial)
VALUES
('12','FERNANDEZ SL','PASEO DEL MAR 45','SANTANDER','(942) 04- 95- 86','ELISA COLLADO','N/A');
INSERT INTO CLIENTES (CodCliente,Empresa,Direccion,Poblacion,Telefono,Responsable,Historial)
VALUES
('13','CONFECCIONES ARTIMEZ','GENERAL PERON 45','A CORUNA','(981) 34- 52- 39','ESTEBAN PASCUAL','N/A');
INSERT INTO CLIENTES (CodCliente,Empresa,Direccion,Poblacion,Telefono,Responsable,Historial)
VALUES
('14','DEPORTES GARCIA','GUZMAN EL BUENO 45','MADRID','(913) 29- 94- 75','ANA JIMENEZ','N/A');
INSERT INTO CLIENTES (CodCliente,Empresa,Direccion,Poblacion,Telefono,Responsable,Historial)
VALUES
('15','EXCLUSIVAS FERNANDEZ','LLOBREGAT 250','BARCELONA','(939) 55- 83- 65','LUISA FERNANDEZ','N/A');
INSERT INTO CLIENTES (CodCliente,Empresa,Direccion,Poblacion,Telefono,Responsable,Historial)
VALUES
('16','DEPORTES MORAN','AUTONOMIA 45','LUGO','(982) 98- 69- 44','JOSE MANZANO','N/A');
INSERT INTO CLIENTES (CodCliente,Empresa,Direccion,Poblacion,Telefono,Responsable,Historial)
VALUES
('17','BAZAR FRANCISCO','CARMEN 45','ZAMORA','(980) 49- 52- 88','CARLOS BELTRAN','N/A');
INSERT INTO CLIENTES (CodCliente,Empresa,Direccion,Poblacion,Telefono,Responsable,Historial)
VALUES
('18','JUGUETES LA SONRISA','LA BAÑEZA 67','LEON','(987) 94- 53- 68','FAUSTINO PEREZ','N/A');
INSERT INTO CLIENTES (CodCliente,Empresa,Direccion,Poblacion,Telefono,Responsable,Historial)
VALUES
('19','CONFECCIONES GALAN','FUENCARRAL 78','MADRID','(913) 85- 92- 34','JUAN GARCÍA','N/A');
INSERT INTO CLIENTES (CodCliente,Empresa,Direccion,Poblacion,Telefono,Responsable,Historial)
VALUES
('20','LA CURTIDORA','OLIVARES 3','MALAGA','(953) 75- 62- 59','MARIA GOMEZ','N/A');
INSERT INTO CLIENTES (CodCliente,Empresa,Direccion,Poblacion,Telefono,Responsable,Historial)
VALUES
('21','LINEA JOVEN','SIERPES 78','SEVILLA','(953) 45- 25- 67','ASUNCIÓN SALADO','N/A');
INSERT INTO CLIENTES (CodCliente,Empresa,Direccion,Poblacion,Telefono,Responsable,Historial)
VALUES
('22','BAZAR EL BARAT','DIAGONAL 56','BARCELONA','(936) 69- 28- 66','ELISA DAPENA','N/A');
INSERT INTO CLIENTES (CodCliente,Empresa,Direccion,Poblacion,Telefono,Responsable,Historial)
VALUES
('23','EL PALACIO DE LA MODA','ORTEGA Y GASSET 129','MADRID','(927) 78- 52- 35','LAURA CARRASCO','N/A');
INSERT INTO CLIENTES (CodCliente,Empresa,Direccion,Poblacion,Telefono,Responsable,Historial)
VALUES
('24','SAEZ Y CIA','INFANTA MERCEDS 23','SEVILLA','(954) 86- 92- 34','MANUEL GUERRA','N/A');
INSERT INTO CLIENTES (CodCliente,Empresa,Direccion,Poblacion,Telefono,Responsable,Historial)
VALUES
('25','DEPORTES EL MADRILENO','CASTILLA 345','ZARAGOZA','(976) 38- 89- 34','CARLOS GONZALEZ','N/A');
INSERT INTO CLIENTES (CodCliente,Empresa,Direccion,Poblacion,Telefono,Responsable,Historial)
VALUES
('26','FERRETERIA LA ESCOBA','ORENSE 7','MADRID','(918) 45- 93- 46','JOSE GARCIA','N/A');
INSERT INTO CLIENTES (CodCliente,Empresa,Direccion,Poblacion,Telefono,Responsable,Historial)
VALUES
('27','JUGUETES EL BARATO','VIA AUGUSTA 245','BARCELONA','(933) 48- 69- 84','ELVIRA IGLESIAS','N/A');
INSERT INTO CLIENTES (CodCliente,Empresa,Direccion,Poblacion,Telefono,Responsable,Historial)
VALUES
('28','CONFECCIONES HERMINIA','CORRIDA 345','GIJON','(985) 59- 73- 15','ABEL GONZALEZ','N/A');
INSERT INTO CLIENTES (CodCliente,Empresa,Direccion,Poblacion,Telefono,Responsable,Historial)
VALUES
('30','BAZAR EL ARGENTINO','ATOCHA 55','MADRID','(912) 49- 59- 73','ADRIAN ÁLVAREZ','N/A');
INSERT INTO CLIENTES (CodCliente,Empresa,Direccion,Poblacion,Telefono,Responsable,Historial)
VALUES
('31','LA TIENDA ELEGANTE','EL COMENDADOR 67','ZARAGOZA','(975) 69- 40- 35','JOSE PASCUAL','N/A');
INSERT INTO CLIENTES (CodCliente,Empresa,Direccion,Poblacion,Telefono,Responsable,Historial)
VALUES
('32','DEPORTES NAUTICOS GARCIA','JUAN FERNANDEZ 89','AVILA','(920) 26- 86- 48','JUAN CONRADO','N/A');
INSERT INTO CLIENTES (CodCliente,Empresa,Direccion,Poblacion,Telefono,Responsable,Historial)
VALUES
('33','CONFECCIONES RUIZ','LLOBREGAT 345','BARCELONA','(934) 58- 76- 15','CARLOS SANZ','N/A');
INSERT INTO CLIENTES (CodCliente,Empresa,Direccion,Poblacion,Telefono,Responsable,Historial)
VALUES
('34','BAZAR LA FARAONA','CASTILLA Y LEoN 34','MADRID','(915) 48- 36- 27','ANGEL SANTAMARIA','N/A');
INSERT INTO CLIENTES (CodCliente,Empresa,Direccion,Poblacion,Telefono,Responsable,Historial)
VALUES
('35','FERRETERIA EL MARTILLO','CASTELLANOS 205','SALAMANCA','(923) 54- 89- 65','JOAQUIN FERNANDEZ','N/A');
INSERT INTO CLIENTES (CodCliente,Empresa,Direccion,Poblacion,Telefono,Responsable,Historial)
VALUES
('36','JUGUETES EDUCATIVOS SANZ','ORENSE 89','MADRID','(916) 87- 23- 54','PEDRO IGLESIAS','N/A');
INSERT INTO CLIENTES (CodCliente,Empresa,Direccion,Poblacion,Telefono,Responsable,Historial)
VALUES
('37','ALMACENES FERNANDEZ','ANTON 67','TERUEL','(978) 56- 40- 25','MARIA ARDANZA','N/A');
INSERT INTO CLIENTES (CodCliente,Empresa,Direccion,Poblacion,Telefono,Responsable,Historial)
VALUES
('38','CONFECCIONES MONICA','MOTORES 67','BARCELONA','(935) 68- 12- 45','PEDRO SERRANO','N/A');
INSERT INTO CLIENTES (CodCliente,Empresa,Direccion,Poblacion,Telefono,Responsable,Historial)
VALUES
('39','FERRETERIA LIMA','VALLECAS 45','MADRID','(913) 53- 27- 85','LUIS GARCIA','N/A');
INSERT INTO CLIENTES (CodCliente,Empresa,Direccion,Poblacion,Telefono,Responsable,Historial)
VALUES
('40','DEPORTES EL BRASILENO','ABEL MARTINEZ 67','SALAMANCA','(921) 54- 87- 62','CARLOS GOMEZ','N/A');
END 
GO
EXECUTE DBO.DataCLIENTES
GO

CREATE PROCEDURE DataPEDIDOS
AS
BEGIN
INSERT INTO PEDIDOS (NumeroDePedido,FKPED_CodCLIENTE,FechaDePedido,FormaDePago,Descuento,Enviado)
VALUES
('1','1','2000-03-11','CONTADO','2,00%','VERDADERO');
INSERT INTO PEDIDOS (NumeroDePedido,FKPED_CodCLIENTE,FechaDePedido,FormaDePago,Descuento,Enviado)
VALUES
('3','23','2000-03-18','APLAZADO','6,00%','FALSO');
INSERT INTO PEDIDOS (NumeroDePedido,FKPED_CodCLIENTE,FechaDePedido,FormaDePago,Descuento,Enviado)
VALUES
('5','25','2000-03-31','CONTADO','9,00%','FALSO');
INSERT INTO PEDIDOS (NumeroDePedido,FKPED_CodCLIENTE,FechaDePedido,FormaDePago,Descuento,Enviado)
VALUES
('7','12','2000-04-12','CONTADO','7,00%','FALSO');
INSERT INTO PEDIDOS (NumeroDePedido,FKPED_CodCLIENTE,FechaDePedido,FormaDePago,Descuento,Enviado)
VALUES
('8','1','2000-04-15','TARJETA','2,00%','VERDADERO');
INSERT INTO PEDIDOS (NumeroDePedido,FKPED_CodCLIENTE,FechaDePedido,FormaDePago,Descuento,Enviado)
VALUES
('9','21','2000-04-21','CONTADO','4,00%','FALSO');
INSERT INTO PEDIDOS (NumeroDePedido,FKPED_CodCLIENTE,FechaDePedido,FormaDePago,Descuento,Enviado)
VALUES
('13','13','2000-04-30','APLAZADO','3,00%','FALSO');
INSERT INTO PEDIDOS (NumeroDePedido,FKPED_CodCLIENTE,FechaDePedido,FormaDePago,Descuento,Enviado)
VALUES
('22','7','2000-05-31','TARJETA','5,00%','VERDADERO');
INSERT INTO PEDIDOS (NumeroDePedido,FKPED_CodCLIENTE,FechaDePedido,FormaDePago,Descuento,Enviado)
VALUES
('25','18','2000-06-02','CONTADO','6,00%','FALSO');
INSERT INTO PEDIDOS (NumeroDePedido,FKPED_CodCLIENTE,FechaDePedido,FormaDePago,Descuento,Enviado)
VALUES
('27','34','2000-06-06','CONTADO','4,00%','FALSO');
INSERT INTO PEDIDOS (NumeroDePedido,FKPED_CodCLIENTE,FechaDePedido,FormaDePago,Descuento,Enviado)
VALUES
('31','30','2000-06-08','TARJETA','5,00%','VERDADERO');
INSERT INTO PEDIDOS (NumeroDePedido,FKPED_CodCLIENTE,FechaDePedido,FormaDePago,Descuento,Enviado)
VALUES
('28','28','2000-06-08','APLAZADO','8,00%','FALSO');
INSERT INTO PEDIDOS (NumeroDePedido,FKPED_CodCLIENTE,FechaDePedido,FormaDePago,Descuento,Enviado)
VALUES
('47','34','2000-07-31','APLAZADO','8,00%','FALSO');
INSERT INTO PEDIDOS (NumeroDePedido,FKPED_CodCLIENTE,FechaDePedido,FormaDePago,Descuento,Enviado)
VALUES
('30','2','2000-8-15','CONTADO','6,00%','VERDADERO');
INSERT INTO PEDIDOS (NumeroDePedido,FKPED_CodCLIENTE,FechaDePedido,FormaDePago,Descuento,Enviado)
VALUES
('63','28','2000-9-10','CONTADO','9,00%','FALSO');
INSERT INTO PEDIDOS (NumeroDePedido,FKPED_CodCLIENTE,FechaDePedido,FormaDePago,Descuento,Enviado)
VALUES
('77','1','2000-10-28','CONTADO','5,00%','FALSO');
INSERT INTO PEDIDOS (NumeroDePedido,FKPED_CodCLIENTE,FechaDePedido,FormaDePago,Descuento,Enviado)
VALUES
('79','34','2000-12-12','CONTADO','5,00%','FALSO');
INSERT INTO PEDIDOS (NumeroDePedido,FKPED_CodCLIENTE,FechaDePedido,FormaDePago,Descuento,Enviado)
VALUES
('105','30','2001-1-1','APLAZADO','9,00%','FALSO');
INSERT INTO PEDIDOS (NumeroDePedido,FKPED_CodCLIENTE,FechaDePedido,FormaDePago,Descuento,Enviado)
VALUES
('102','6','2001-1-12','CONTADO','7,00%','VERDADERO');
INSERT INTO PEDIDOS (NumeroDePedido,FKPED_CodCLIENTE,FechaDePedido,FormaDePago,Descuento,Enviado)
VALUES
('103','2','2001-1-24','CONTADO','4,00%','FALSO');
INSERT INTO PEDIDOS (NumeroDePedido,FKPED_CodCLIENTE,FechaDePedido,FormaDePago,Descuento,Enviado)
VALUES
('29','30','2001-04-02','TARJETA','6,00%','FALSO');
INSERT INTO PEDIDOS (NumeroDePedido,FKPED_CodCLIENTE,FechaDePedido,FormaDePago,Descuento,Enviado)
VALUES
('11','4','2001-5-1','CONTADO','8,00%','VERDADERO');
INSERT INTO PEDIDOS (NumeroDePedido,FKPED_CodCLIENTE,FechaDePedido,FormaDePago,Descuento,Enviado)
VALUES
('16','25','2001-5-11','CONTADO','12,00%','FALSO');
INSERT INTO PEDIDOS (NumeroDePedido,FKPED_CodCLIENTE,FechaDePedido,FormaDePago,Descuento,Enviado)
VALUES
('12','6','2001-5-19','CONTADO','9,00%','VERDADERO');
INSERT INTO PEDIDOS (NumeroDePedido,FKPED_CodCLIENTE,FechaDePedido,FormaDePago,Descuento,Enviado)
VALUES
('21','16','2001-5-28','CONTADO','3,00%','FALSO');
INSERT INTO PEDIDOS (NumeroDePedido,FKPED_CodCLIENTE,FechaDePedido,FormaDePago,Descuento,Enviado)
VALUES
('32','14','2001-6-4','APLAZADO','7,00%','VERDADERO');
INSERT INTO PEDIDOS (NumeroDePedido,FKPED_CodCLIENTE,FechaDePedido,FormaDePago,Descuento,Enviado)
VALUES
('35','26','2001-6-30','CONTADO','6,00%','FALSO');
INSERT INTO PEDIDOS (NumeroDePedido,FKPED_CodCLIENTE,FechaDePedido,FormaDePago,Descuento,Enviado)
VALUES
('37','24','2001-7-2','TARJETA','3,00%','VERDADERO');
INSERT INTO PEDIDOS (NumeroDePedido,FKPED_CodCLIENTE,FechaDePedido,FormaDePago,Descuento,Enviado)
VALUES
('39','20','2001-7-8','TARJETA','6,00%','VERDADERO');
INSERT INTO PEDIDOS (NumeroDePedido,FKPED_CodCLIENTE,FechaDePedido,FormaDePago,Descuento,Enviado)
VALUES
('43','9','2001-7-18','CONTADO','7,00%','FALSO');
INSERT INTO PEDIDOS (NumeroDePedido,FKPED_CodCLIENTE,FechaDePedido,FormaDePago,Descuento,Enviado)
VALUES
('73','1','2001-8-2','CONTADO','7,00%','FALSO');
INSERT INTO PEDIDOS (NumeroDePedido,FKPED_CodCLIENTE,FechaDePedido,FormaDePago,Descuento,Enviado)
VALUES
('86','9','2001-12-24','APLAZADO','3,00%','FALSO');
INSERT INTO PEDIDOS (NumeroDePedido,FKPED_CodCLIENTE,FechaDePedido,FormaDePago,Descuento,Enviado)
VALUES
('98','1','2001-12-27','CONTADO','8,00%','VERDADERO');
INSERT INTO PEDIDOS (NumeroDePedido,FKPED_CodCLIENTE,FechaDePedido,FormaDePago,Descuento,Enviado)
VALUES
('5050','30','2002-5-22','TARJETA','0,00%','VERDADERO');
INSERT INTO PEDIDOS (NumeroDePedido,FKPED_CodCLIENTE,FechaDePedido,FormaDePago,Descuento,Enviado)
VALUES
('19','10','2002-5-22','CONTADO','7,00%','VERDADERO');
INSERT INTO PEDIDOS (NumeroDePedido,FKPED_CodCLIENTE,FechaDePedido,FormaDePago,Descuento,Enviado)
VALUES
('34','26','2002-6-23','TARJETA','5,00%','FALSO');
INSERT INTO PEDIDOS (NumeroDePedido,FKPED_CodCLIENTE,FechaDePedido,FormaDePago,Descuento,Enviado)
VALUES
('40','4','2002-7-12','CONTADO','12,00%','FALSO');
INSERT INTO PEDIDOS (NumeroDePedido,FKPED_CodCLIENTE,FechaDePedido,FormaDePago,Descuento,Enviado)
VALUES
('42','34','2002-7-15','APLAZADO','7,00%','VERDADERO');
INSERT INTO PEDIDOS (NumeroDePedido,FKPED_CodCLIENTE,FechaDePedido,FormaDePago,Descuento,Enviado)
VALUES
('44','34','2002-7-20','APLAZADO','4,00%','FALSO');
INSERT INTO PEDIDOS (NumeroDePedido,FKPED_CodCLIENTE,FechaDePedido,FormaDePago,Descuento,Enviado)
VALUES
('45','30','2002-7-22','TARJETA','7,00%','FALSO');
INSERT INTO PEDIDOS (NumeroDePedido,FKPED_CodCLIENTE,FechaDePedido,FormaDePago,Descuento,Enviado)
VALUES
('46','31','2002-7-25','CONTADO','6,00%','FALSO');
INSERT INTO PEDIDOS (NumeroDePedido,FKPED_CodCLIENTE,FechaDePedido,FormaDePago,Descuento,Enviado)
VALUES
('5005','30','2002-8-10','TARJETA','0,00%','VERDADERO');
INSERT INTO PEDIDOS (NumeroDePedido,FKPED_CodCLIENTE,FechaDePedido,FormaDePago,Descuento,Enviado)
VALUES
('72','1','2002-8-18','CONTADO','5,00%','VERDADERO');
INSERT INTO PEDIDOS (NumeroDePedido,FKPED_CodCLIENTE,FechaDePedido,FormaDePago,Descuento,Enviado)
VALUES
('48','18','2002-8-30','CONTADO','3,00%','FALSO');
INSERT INTO PEDIDOS (NumeroDePedido,FKPED_CodCLIENTE,FechaDePedido,FormaDePago,Descuento,Enviado)
VALUES
('49','28','2002-9-2','CONTADO','3,00%','FALSO');
INSERT INTO PEDIDOS (NumeroDePedido,FKPED_CodCLIENTE,FechaDePedido,FormaDePago,Descuento,Enviado)
VALUES
('50','9','2002-9-5','APLAZADO','8,00%','FALSO');
INSERT INTO PEDIDOS (NumeroDePedido,FKPED_CodCLIENTE,FechaDePedido,FormaDePago,Descuento,Enviado)
VALUES
('51','9','2002-9-5','CONTADO','5,00%','VERDADERO');
INSERT INTO PEDIDOS (NumeroDePedido,FKPED_CodCLIENTE,FechaDePedido,FormaDePago,Descuento,Enviado)
VALUES
('74','1','2002-9-17','APLAZADO','8,00%','FALSO');
INSERT INTO PEDIDOS (NumeroDePedido,FKPED_CodCLIENTE,FechaDePedido,FormaDePago,Descuento,Enviado)
VALUES
('75','1','2002-9-30','TARJETA','12,00%','FALSO');
INSERT INTO PEDIDOS (NumeroDePedido,FKPED_CodCLIENTE,FechaDePedido,FormaDePago,Descuento,Enviado)
VALUES
('76','1','2002-10-19','CONTADO','4,00%','VERDADERO');
INSERT INTO PEDIDOS (NumeroDePedido,FKPED_CodCLIENTE,FechaDePedido,FormaDePago,Descuento,Enviado)
VALUES
('85','4','2002-12-23','TARJETA','4,00%','FALSO');
END
GO
EXECUTE DBO.DataPEDIDOS
GO

CREATE PROCEDURE DataPRODUCTOS
AS
BEGIN
INSERT INTO PRODUCTOS (CodArticulo,Seccion,NombreArticulo,Precio,Fecha,Importado,PaisDeOrigen,Foto)
VALUES
('1','FERRETERIA','DESTORNILLADOR',7,'2020-10-22','FALSO','ESPANA','N/A');
INSERT INTO PRODUCTOS (CodArticulo,Seccion,NombreArticulo,Precio,Fecha,Importado,PaisDeOrigen,Foto)
VALUES
('2','CONFECCION','TRAJE CABALLERO',285,'2002-3-11','VERDADERO','USA','N/A');
INSERT INTO PRODUCTOS (CodArticulo,Seccion,NombreArticulo,Precio,Fecha,Importado,PaisDeOrigen,Foto)
VALUES
('3','JUGUETERIA','COCHE TELEDIRIGIDO',159,'2002-5-26','VERDADERO','MARRUECOS','N/A');
INSERT INTO PRODUCTOS (CodArticulo,Seccion,NombreArticulo,Precio,Fecha,Importado,PaisDeOrigen,Foto)
VALUES
('4','DEPORTES','RAQUETA TENIS',93,'2000-3-20','VERDADERO','USA','N/A');
INSERT INTO PRODUCTOS (CodArticulo,Seccion,NombreArticulo,Precio,Fecha,Importado,PaisDeOrigen,Foto)
VALUES
('6','DEPORTES','MANCUERNAS',60,'2000-9-13','VERDADERO','USA','N/A');
INSERT INTO PRODUCTOS (CodArticulo,Seccion,NombreArticulo,Precio,Fecha,Importado,PaisDeOrigen,Foto)
VALUES
('7','CONFECCION','SERRUCHO',30,'2001-3-23','VERDADERO','FRANCIA','N/A')
INSERT INTO PRODUCTOS (CodArticulo,Seccion,NombreArticulo,Precio,Fecha,Importado,PaisDeOrigen,Foto)
VALUES
('8','JUGUETERIA','CORREPASILLOS',103,'2000-4-11','VERDADERO','JAPON','N/A');
INSERT INTO PRODUCTOS (CodArticulo,Seccion,NombreArticulo,Precio,Fecha,Importado,PaisDeOrigen,Foto)
VALUES
('9','CONFECCION','PANTALON SENORA',174,'2000-1-10','VERDADERO','MARRUECOS','N/A');
INSERT INTO PRODUCTOS (CodArticulo,Seccion,NombreArticulo,Precio,Fecha,Importado,PaisDeOrigen,Foto)
VALUES
('10','JUGUETERIA','CONSOLA VIDEO',443,'2002-9-24','VERDADERO','USA','N/A');
INSERT INTO PRODUCTOS (CodArticulo,Seccion,NombreArticulo,Precio,Fecha,Importado,PaisDeOrigen,Foto)
VALUES
('11','CERAMICA','TUBOS',168,'2000-2-4','VERDADERO','CHINA','N/A');
INSERT INTO PRODUCTOS (CodArticulo,Seccion,NombreArticulo,Precio,Fecha,Importado,PaisDeOrigen,Foto)
VALUES
('12','FERRETERIA','LLAVE INGLESA',24,'2001-5-23','VERDADERO','USA','N/A');
INSERT INTO PRODUCTOS (CodArticulo,Seccion,NombreArticulo,Precio,Fecha,Importado,PaisDeOrigen,Foto)
VALUES
('13','CONFECCION','CAMISA CABALLERO',67,'2002-8-11','FALSO','ESPANA','N/A');
INSERT INTO PRODUCTOS (CodArticulo,Seccion,NombreArticulo,Precio,Fecha,Importado,PaisDeOrigen,Foto)
VALUES
('14','JUGUETERIA','TREN ELECTRICO', 1.50,'2001-7-3','VERDADERO','JAPON','N/A');
INSERT INTO PRODUCTOS (CodArticulo,Seccion,NombreArticulo,Precio,Fecha,Importado,PaisDeOrigen,Foto)
VALUES
('15','CERAMICA','PLATO DECORATIVO',54,'2000-6-7','VERDADERO','CHINA','N/A');
INSERT INTO PRODUCTOS (CodArticulo,Seccion,NombreArticulo,Precio,Fecha,Importado,PaisDeOrigen,Foto)
VALUES
('16','FERRETERIA','ALICATES',7,'2000-4-7','VERDADERO','ITALIA','N/A');
INSERT INTO PRODUCTOS (CodArticulo,Seccion,NombreArticulo,Precio,Fecha,Importado,PaisDeOrigen,Foto)
VALUES
('17','JUGUETERIA','MUNECA ANDADORA',105,'2001-1-4','FALSO','ESPANA','N/A');
INSERT INTO PRODUCTOS (CodArticulo,Seccion,NombreArticulo,Precio,Fecha,Importado,PaisDeOrigen,Foto)
VALUES
('18','DEPORTES','PISTOLA OLIMPICA',47,'2001-02-02','VERDADERO','SUECIA','N/A');
INSERT INTO PRODUCTOS (CodArticulo,Seccion,NombreArticulo,Precio,Fecha,Importado,PaisDeOrigen,Foto)
VALUES
('19','CONFECCION','BLUSA SRA',101,'2000-3-18','VERDADERO','CHINA','N/A');
INSERT INTO PRODUCTOS (CodArticulo,Seccion,NombreArticulo,Precio,Fecha,Importado,PaisDeOrigen,Foto)
VALUES
('20','CERAMICA','JUEGO DE TE',43,'2001-1-15','VERDADERO','CHINA','N/A');
INSERT INTO PRODUCTOS (CodArticulo,Seccion,NombreArticulo,Precio,Fecha,Importado,PaisDeOrigen,Foto)
VALUES
('21','CERAMICA','CENICERO',20,'2001-7-2','VERDADERO','JAPON','N/A');
INSERT INTO PRODUCTOS (CodArticulo,Seccion,NombreArticulo,Precio,Fecha,Importado,PaisDeOrigen,Foto)
VALUES
('22','FERRETERIA','MARTILLO',11,'2001-9-4','FALSO','ESPANA','N/A');
INSERT INTO PRODUCTOS (CodArticulo,Seccion,NombreArticulo,Precio,Fecha,Importado,PaisDeOrigen,Foto)
VALUES
('23','CONFECCION','CAZADORA PIEL',523,'2001-7-10','VERDADERO','ITALIA','N/A');
INSERT INTO PRODUCTOS (CodArticulo,Seccion,NombreArticulo,Precio,Fecha,Importado,PaisDeOrigen,Foto)
VALUES
('24','DEPORTES','BALON RUGBY',112,'2000-11-11','VERDADERO','USA','N/A');
INSERT INTO PRODUCTOS (CodArticulo,Seccion,NombreArticulo,Precio,Fecha,Importado,PaisDeOrigen,Foto)
VALUES
('25','DEPORTES','BALON BALONCESTO',75,'2001-6-25','VERDADERO','JAPON','N/A');
INSERT INTO PRODUCTOS (CodArticulo,Seccion,NombreArticulo,Precio,Fecha,Importado,PaisDeOrigen,Foto)
VALUES
('26','JUGUETERIA','FUERTE DE SOLDADOS',144,'2000-11-25','VERDADERO','JAPON','N/A');
INSERT INTO PRODUCTOS (CodArticulo,Seccion,NombreArticulo,Precio,Fecha,Importado,PaisDeOrigen,Foto)
VALUES
('27','CONFECCION','ABRIGO CABALLERO',500.000,'2002-04-05','VERDADERO','ITALIA','N/A');
INSERT INTO PRODUCTOS (CodArticulo,Seccion,NombreArticulo,Precio,Fecha,Importado,PaisDeOrigen,Foto)
VALUES
('28','DEPORTES','BALÓN FUTBOL',44,'2002-7-4','FALSO','ESPANA','N/A');
INSERT INTO PRODUCTOS (CodArticulo,Seccion,NombreArticulo,Precio,Fecha,Importado,PaisDeOrigen,Foto)
VALUES
('29','CONFECCION','ABRIGO SRA',360,'2001-5-3','VERDADERO','MARRUECOS','N/A');
INSERT INTO PRODUCTOS (CodArticulo,Seccion,NombreArticulo,Precio,Fecha,Importado,PaisDeOrigen,Foto)
VALUES
('30','FERRETERIA','DESTORNILLADOR',9,'2002-2-20','VERDADERO','FRANCIA','N/A');
INSERT INTO PRODUCTOS (CodArticulo,Seccion,NombreArticulo,Precio,Fecha,Importado,PaisDeOrigen,Foto)
VALUES
('31','JUGUETERIA','PISTOLA CON SONIDOS',57,'2001-4-15','FALSO','ESPANA','N/A');
INSERT INTO PRODUCTOS (CodArticulo,Seccion,NombreArticulo,Precio,Fecha,Importado,PaisDeOrigen,Foto)
VALUES
('32','DEPORTES','CRONOMETRO',439,'2002-1-3','VERDADERO','USA','N/A');
INSERT INTO PRODUCTOS (CodArticulo,Seccion,NombreArticulo,Precio,Fecha,Importado,PaisDeOrigen,Foto)
VALUES
('33','CERAMICA','MACETA',29,'2000-2-23','FALSO','ESPANA','N/A');
INSERT INTO PRODUCTOS (CodArticulo,Seccion,NombreArticulo,Precio,Fecha,Importado,PaisDeOrigen,Foto)
VALUES
('34','OFICINA','PIE DE LAMPARA',40,'2001-5-27','VERDADERO','TURQUIA','N/A');
INSERT INTO PRODUCTOS (CodArticulo,Seccion,NombreArticulo,Precio,Fecha,Importado,PaisDeOrigen,Foto)
VALUES
('35','FERRETERIA','LIMA GRANDE',22,'2008-8-10','FALSO','ESPANA','N/A');
INSERT INTO PRODUCTOS (CodArticulo,Seccion,NombreArticulo,Precio,Fecha,Importado,PaisDeOrigen,Foto)
VALUES
('36','FERRETERIA','JUEGO DE BROCAS',15,'2002-7-4','VERDADERO','TAIWAN','N/A');
INSERT INTO PRODUCTOS (CodArticulo,Seccion,NombreArticulo,Precio,Fecha,Importado,PaisDeOrigen,Foto)
VALUES
('37','CONFECCION','CINTURON DE PIEL',4,'2002-5-14','FALSO','ESPANA','N/A');
INSERT INTO PRODUCTOS (CodArticulo,Seccion,NombreArticulo,Precio,Fecha,Importado,PaisDeOrigen,Foto)
VALUES
('38','DEPORTES','CANA DE PESCA',270,'2000-2-14','VERDADERO','USA','N/A');
INSERT INTO PRODUCTOS (CodArticulo,Seccion,NombreArticulo,Precio,Fecha,Importado,PaisDeOrigen,Foto)
VALUES
('39','CERAMICA','JARRA CHINA',128,'2002-9-2','VERDADERO','CHINA','N/A');
INSERT INTO PRODUCTOS (CodArticulo,Seccion,NombreArticulo,Precio,Fecha,Importado,PaisDeOrigen,Foto)
VALUES
('40','DEPORTES','BOTA ALPINISMO',144,'2002-5-5','FALSO','ESPANA','N/A');
INSERT INTO PRODUCTOS (CodArticulo,Seccion,NombreArticulo,Precio,Fecha,Importado,PaisDeOrigen,Foto)
VALUES
('41','DEPORTES','PALAS DE PING PONG',22,'2002-2-2','FALSO','ESPANA','N/A');
END
GO
EXECUTE DBO.DataPRODUCTOS
GO

CREATE PROCEDURE DataProductosPedidos
AS
BEGIN
INSERT INTO PRODUCTOSPEDIDOS (FKPP_NumeroDePEDIDO,FKPP_CodARTICULO,Unidades)
VALUES
('1','1','1');
INSERT INTO PRODUCTOSPEDIDOS (FKPP_NumeroDePEDIDO,FKPP_CodARTICULO,Unidades)
VALUES
('1','4','10');
INSERT INTO PRODUCTOSPEDIDOS (FKPP_NumeroDePEDIDO,FKPP_CodARTICULO,Unidades)
VALUES
('1','15','4');
INSERT INTO PRODUCTOSPEDIDOS (FKPP_NumeroDePEDIDO,FKPP_CodARTICULO,Unidades)
VALUES
('1','22','18');
INSERT INTO PRODUCTOSPEDIDOS (FKPP_NumeroDePEDIDO,FKPP_CodARTICULO,Unidades)
VALUES
('3','2','20');
INSERT INTO PRODUCTOSPEDIDOS (FKPP_NumeroDePEDIDO,FKPP_CodARTICULO,Unidades)
VALUES
('3','22','3');
INSERT INTO PRODUCTOSPEDIDOS (FKPP_NumeroDePEDIDO,FKPP_CodARTICULO,Unidades)
VALUES
('5','4','16');
INSERT INTO PRODUCTOSPEDIDOS (FKPP_NumeroDePEDIDO,FKPP_CodARTICULO,Unidades)
VALUES
('7','6','16');
INSERT INTO PRODUCTOSPEDIDOS (FKPP_NumeroDePEDIDO,FKPP_CodARTICULO,Unidades)
VALUES
('8','2','6');
INSERT INTO PRODUCTOSPEDIDOS (FKPP_NumeroDePEDIDO,FKPP_CodARTICULO,Unidades)
VALUES
('8','6','5');
INSERT INTO PRODUCTOSPEDIDOS (FKPP_NumeroDePEDIDO,FKPP_CodARTICULO,Unidades)
VALUES
('8','7','6');
INSERT INTO PRODUCTOSPEDIDOS (FKPP_NumeroDePEDIDO,FKPP_CodARTICULO,Unidades)
VALUES
('8','10','2');
INSERT INTO PRODUCTOSPEDIDOS (FKPP_NumeroDePEDIDO,FKPP_CodARTICULO,Unidades)
VALUES
('8','12','30');
INSERT INTO PRODUCTOSPEDIDOS (FKPP_NumeroDePEDIDO,FKPP_CodARTICULO,Unidades)
VALUES
('8','15','15');
INSERT INTO PRODUCTOSPEDIDOS (FKPP_NumeroDePEDIDO,FKPP_CodARTICULO,Unidades)
VALUES
('8','18','20');
INSERT INTO PRODUCTOSPEDIDOS (FKPP_NumeroDePEDIDO,FKPP_CodARTICULO,Unidades)
VALUES
('8','19','18');
INSERT INTO PRODUCTOSPEDIDOS (FKPP_NumeroDePEDIDO,FKPP_CodARTICULO,Unidades)
VALUES
('8','25','5');
INSERT INTO PRODUCTOSPEDIDOS (FKPP_NumeroDePEDIDO,FKPP_CodARTICULO,Unidades)
VALUES
('8','32','15');
INSERT INTO PRODUCTOSPEDIDOS (FKPP_NumeroDePEDIDO,FKPP_CodARTICULO,Unidades)
VALUES
('8','33','18');
INSERT INTO PRODUCTOSPEDIDOS (FKPP_NumeroDePEDIDO,FKPP_CodARTICULO,Unidades)
VALUES
('8','34','5');
INSERT INTO PRODUCTOSPEDIDOS (FKPP_NumeroDePEDIDO,FKPP_CodARTICULO,Unidades)
VALUES
('8','35','24');
INSERT INTO PRODUCTOSPEDIDOS (FKPP_NumeroDePEDIDO,FKPP_CodARTICULO,Unidades)
VALUES
('9','6','14');
INSERT INTO PRODUCTOSPEDIDOS (FKPP_NumeroDePEDIDO,FKPP_CodARTICULO,Unidades)
VALUES
('11','8','1');
INSERT INTO PRODUCTOSPEDIDOS (FKPP_NumeroDePEDIDO,FKPP_CodARTICULO,Unidades)
VALUES
('12','8','1');
INSERT INTO PRODUCTOSPEDIDOS (FKPP_NumeroDePEDIDO,FKPP_CodARTICULO,Unidades)
VALUES
('13','8','8');
INSERT INTO PRODUCTOSPEDIDOS (FKPP_NumeroDePEDIDO,FKPP_CodARTICULO,Unidades)
VALUES
('16','10','17');
INSERT INTO PRODUCTOSPEDIDOS (FKPP_NumeroDePEDIDO,FKPP_CodARTICULO,Unidades)
VALUES
('19','13','4');
INSERT INTO PRODUCTOSPEDIDOS (FKPP_NumeroDePEDIDO,FKPP_CodARTICULO,Unidades)
VALUES
('21','15','11');
INSERT INTO PRODUCTOSPEDIDOS (FKPP_NumeroDePEDIDO,FKPP_CodARTICULO,Unidades)
VALUES
('22','17','6');
INSERT INTO PRODUCTOSPEDIDOS (FKPP_NumeroDePEDIDO,FKPP_CodARTICULO,Unidades)
VALUES
('22','26','4');
INSERT INTO PRODUCTOSPEDIDOS (FKPP_NumeroDePEDIDO,FKPP_CodARTICULO,Unidades)
VALUES
('22','28','21');
INSERT INTO PRODUCTOSPEDIDOS (FKPP_NumeroDePEDIDO,FKPP_CodARTICULO,Unidades)
VALUES
('25','19','12');
INSERT INTO PRODUCTOSPEDIDOS (FKPP_NumeroDePEDIDO,FKPP_CodARTICULO,Unidades)
VALUES
('25','19','12');
INSERT INTO PRODUCTOSPEDIDOS (FKPP_NumeroDePEDIDO,FKPP_CodARTICULO,Unidades)
VALUES
('27','21','11');
INSERT INTO PRODUCTOSPEDIDOS (FKPP_NumeroDePEDIDO,FKPP_CodARTICULO,Unidades)
VALUES
('28','21','22');
INSERT INTO PRODUCTOSPEDIDOS (FKPP_NumeroDePEDIDO,FKPP_CodARTICULO,Unidades)
VALUES
('29','22','12');
INSERT INTO PRODUCTOSPEDIDOS (FKPP_NumeroDePEDIDO,FKPP_CodARTICULO,Unidades)
VALUES
('30','23','33');
INSERT INTO PRODUCTOSPEDIDOS (FKPP_NumeroDePEDIDO,FKPP_CodARTICULO,Unidades)
VALUES
('31','24','31');
INSERT INTO PRODUCTOSPEDIDOS (FKPP_NumeroDePEDIDO,FKPP_CodARTICULO,Unidades)
VALUES
('32','25','11');
INSERT INTO PRODUCTOSPEDIDOS (FKPP_NumeroDePEDIDO,FKPP_CodARTICULO,Unidades)
VALUES
('34','22','7');
INSERT INTO PRODUCTOSPEDIDOS (FKPP_NumeroDePEDIDO,FKPP_CodARTICULO,Unidades)
VALUES
('37','27','3');
INSERT INTO PRODUCTOSPEDIDOS (FKPP_NumeroDePEDIDO,FKPP_CodARTICULO,Unidades)
VALUES
('35','22','9');
INSERT INTO PRODUCTOSPEDIDOS (FKPP_NumeroDePEDIDO,FKPP_CodARTICULO,Unidades)
VALUES
('35','27','12');
INSERT INTO PRODUCTOSPEDIDOS (FKPP_NumeroDePEDIDO,FKPP_CodARTICULO,Unidades)
VALUES
('37','27','11');
INSERT INTO PRODUCTOSPEDIDOS (FKPP_NumeroDePEDIDO,FKPP_CodARTICULO,Unidades)
VALUES
('39','29','22');
INSERT INTO PRODUCTOSPEDIDOS (FKPP_NumeroDePEDIDO,FKPP_CodARTICULO,Unidades)
VALUES
('40','30','1');
INSERT INTO PRODUCTOSPEDIDOS (FKPP_NumeroDePEDIDO,FKPP_CodARTICULO,Unidades)
VALUES
('42','31','21');
INSERT INTO PRODUCTOSPEDIDOS (FKPP_NumeroDePEDIDO,FKPP_CodARTICULO,Unidades)
VALUES
('43','32','3');
INSERT INTO PRODUCTOSPEDIDOS (FKPP_NumeroDePEDIDO,FKPP_CodARTICULO,Unidades)
VALUES
('44','22','22');
INSERT INTO PRODUCTOSPEDIDOS (FKPP_NumeroDePEDIDO,FKPP_CodARTICULO,Unidades)
VALUES
('45','36','21');
INSERT INTO PRODUCTOSPEDIDOS (FKPP_NumeroDePEDIDO,FKPP_CodARTICULO,Unidades)
VALUES
('46','37','8');
INSERT INTO PRODUCTOSPEDIDOS (FKPP_NumeroDePEDIDO,FKPP_CodARTICULO,Unidades)
VALUES
('47','38','12');
INSERT INTO PRODUCTOSPEDIDOS (FKPP_NumeroDePEDIDO,FKPP_CodARTICULO,Unidades)
VALUES
('48','38','13');
INSERT INTO PRODUCTOSPEDIDOS (FKPP_NumeroDePEDIDO,FKPP_CodARTICULO,Unidades)
VALUES
('49','39','13');
INSERT INTO PRODUCTOSPEDIDOS (FKPP_NumeroDePEDIDO,FKPP_CodARTICULO,Unidades)
VALUES
('50','39','1');
END
GO
EXECUTE DBO.DataProductosPedidos
GO

CREATE PROCEDURE DataPRODUCTOSNro2
AS BEGIN
INSERT INTO PRODUCTOSNro2 (CodArticulo,Seccion,NombreArticulo,Precio,Fecha,Importado,PaisDeOrigen,Foto)
VALUES
('50','ALTA COSTURA','TRAJE CABALLERO',1.285,'2002-03-11','TRUE','ITALIA','N/A');
INSERT INTO PRODUCTOSNro2 (CodArticulo,Seccion,NombreArticulo,Precio,Fecha,Importado,PaisDeOrigen,Foto)
VALUES
('51','DEPORTES DE RIESGO','RAQUETA TENIS',1.094,'2000-03-20','TRUE','USA','N/A');
INSERT INTO PRODUCTOSNro2 (CodArticulo,Seccion,NombreArticulo,Precio,Fecha,Importado,PaisDeOrigen,Foto)
VALUES
('52','DEPORTES DE RIESGO','MANCUERNAS',1.060,'2000-09-13','TRUE','USA','N/A');
INSERT INTO PRODUCTOSNro2 (CodArticulo,Seccion,NombreArticulo,Precio,Fecha,Importado,PaisDeOrigen,Foto)
VALUES
('53','ALTA COSTURA','SERRUCHO',1.0301,'2001-03-23','TRUE','FRANCIA','N/A');
INSERT INTO PRODUCTOSNro2 (CodArticulo,Seccion,NombreArticulo,Precio,Fecha,Importado,PaisDeOrigen,Foto)
VALUES
('54','ALTA COSTURA','PANTALON SEÑORA',1.175,'2000-01-10','TRUE','MARRUECOS','N/A');
INSERT INTO PRODUCTOSNro2 (CodArticulo,Seccion,NombreArticulo,Precio,Fecha,Importado,PaisDeOrigen,Foto)
VALUES
('55','ALTA COSTURA','CAMISA CABALLERO',1.167,'2002-08-11','TRUE','ESPANA','N/A');
INSERT INTO PRODUCTOSNro2 (CodArticulo,Seccion,NombreArticulo,Precio,Fecha,Importado,PaisDeOrigen,Foto)
VALUES
('56','DEPORTES DE RIESGO','PISTOLA OLIMPICA',1.146,'2001-02-02','TRUE','SUECIA','N/A');
INSERT INTO PRODUCTOSNro2 (CodArticulo,Seccion,NombreArticulo,Precio,Fecha,Importado,PaisDeOrigen,Foto)
VALUES
('57','ALTA COSTURA','BLUSA SRA',1.102,'2000-03-18','TRUE','CHINA','N/A');
INSERT INTO PRODUCTOSNro2 (CodArticulo,Seccion,NombreArticulo,Precio,Fecha,Importado,PaisDeOrigen,Foto)
VALUES
('58','ALTA COSTURA','CAZADORA PIEL',1.523,'2001-07-10','TRUE','ITALIA','N/A');
INSERT INTO PRODUCTOSNro2 (CodArticulo,Seccion,NombreArticulo,Precio,Fecha,Importado,PaisDeOrigen,Foto)
VALUES
('59','DEPORTES DE RIESGO','BALON RUGBY',1.200,'2000-11-11','TRUE','USA','N/A');
INSERT INTO PRODUCTOSNro2 (CodArticulo,Seccion,NombreArticulo,Precio,Fecha,Importado,PaisDeOrigen,Foto)
VALUES
('60','DEPORTES DE RIESGO','BALON BALONCESTO',1.176,'2001-06-25','TRUE','JAPON','N/A');
INSERT INTO PRODUCTOSNro2 (CodArticulo,Seccion,NombreArticulo,Precio,Fecha,Importado,PaisDeOrigen,Foto)
VALUES
('61','ALTA COSTURA','ABRIGO CABALLERO',1.500,'2002-04-05','TRUE','ITALIA','N/A');
INSERT INTO PRODUCTOSNro2 (CodArticulo,Seccion,NombreArticulo,Precio,Fecha,Importado,PaisDeOrigen,Foto)
VALUES
('62','DEPORTES DE RIESGO','BALON FUTBOL',1.143,'2002-07-04','FALSE','ESPANA','N/A');
INSERT INTO PRODUCTOSNro2 (CodArticulo,Seccion,NombreArticulo,Precio,Fecha,Importado,PaisDeOrigen,Foto)
VALUES
('63','ALTA COSTURA','ABRIGO SRA',1.370,'2001-05-03','TRUE','MARRUECOS','N/A');
INSERT INTO PRODUCTOSNro2 (CodArticulo,Seccion,NombreArticulo,Precio,Fecha,Importado,PaisDeOrigen,Foto)
VALUES
('64','DEPORTES DE RIESGO','CRONOMETRO',1.440,'2002-01-03','TRUE','USA','N/A');
INSERT INTO PRODUCTOSNro2 (CodArticulo,Seccion,NombreArticulo,Precio,Fecha,Importado,PaisDeOrigen,Foto)
VALUES
('65','ALTA COSTURA','CINTURON DE PIEL',1.100,'2002-05-12','FALSE','ESPANA','N/A');
INSERT INTO PRODUCTOSNro2 (CodArticulo,Seccion,NombreArticulo,Precio,Fecha,Importado,PaisDeOrigen,Foto)
VALUES
('66','DEPORTES DE RIESGO','CANA DE PESCA',1.270,'2000-02-14','TRUE','USA','N/A');
INSERT INTO PRODUCTOSNro2 (CodArticulo,Seccion,NombreArticulo,Precio,Fecha,Importado,PaisDeOrigen,Foto)
VALUES
('67','DEPORTES DE RIESGO','BOTA ALPINISMO',1.145,'2002-05-05','FALSE','ESPANA','N/A');
INSERT INTO PRODUCTOSNro2 (CodArticulo,Seccion,NombreArticulo,Precio,Fecha,Importado,PaisDeOrigen,Foto)
VALUES
('68','DEPORTES DE RIESGO','PALAS DE PING PONG',1.021,'2002-02-02','FALSE','ESPANA','N/A');
END
GO
EXECUTE DBO.DataPRODUCTOSNro2
GO

